{"type":"FeatureCollection","features":[
{"type":"Feature","geometry":{"type":"Point","coordinates":[702252,9265562]},"properties":{"GM_LAYER":"Unknown Point Feature","GM_TYPE":"Unknown Point Feature","NAME":"PT.  Asia Pacifik Pratama","LAYER":"Unknown Point Feature"}},
{"type":"Feature","geometry":{"type":"Point","coordinates":[701794,9266532]},"properties":{"GM_LAYER":"Unknown Point Feature","GM_TYPE":"Unknown Point Feature","NAME":"PT. DJARUM KAWASAKI","LAYER":"Unknown Point Feature"}},
{"type":"Feature","geometry":{"type":"Point","coordinates":[701794,9266594]},"properties":{"GM_LAYER":"Unknown Point Feature","GM_TYPE":"Unknown Point Feature","NAME":"PT. EKA SARU LORENA","LAYER":"Unknown Point Feature"}},
{"type":"Feature","geometry":{"type":"Point","coordinates":[702759,9265778]},"properties":{"GM_LAYER":"Unknown Point Feature","GM_TYPE":"Unknown Point Feature","NAME":"PURI MIRA","LAYER":"Unknown Point Feature"}},
{"type":"Feature","geometry":{"type":"Point","coordinates":[698405,9270132]},"properties":{"GM_LAYER":"Unknown Point Feature","GM_TYPE":"Unknown Point Feature","NAME":"BCA BANK","LAYER":"Unknown Point Feature"}},
{"type":"Feature","geometry":{"type":"Point","coordinates":[699369,9271160]},"properties":{"GM_LAYER":"Unknown Point Feature","GM_TYPE":"Unknown Point Feature","NAME":"PANGRANGO I","LAYER":"Unknown Point Feature"}},
{"type":"Feature","geometry":{"type":"Point","coordinates":[699511,9270888]},"properties":{"GM_LAYER":"Unknown Point Feature","GM_TYPE":"Unknown Point Feature","NAME":"PANGRANGO II","LAYER":"Unknown Point Feature"}},
{"type":"Feature","geometry":{"type":"Point","coordinates":[699696,9270344]},"properties":{"GM_LAYER":"Unknown Point Feature","GM_TYPE":"Unknown Point Feature","NAME":"PMI","LAYER":"Unknown Point Feature"}},
{"type":"Feature","geometry":{"type":"Point","coordinates":[698023,9270704]},"properties":{"GM_LAYER":"Unknown Point Feature","GM_TYPE":"Unknown Point Feature","NAME":"PERUMKA DIPO TRAKSI BGR","LAYER":"Unknown Point Feature"}},
{"type":"Feature","geometry":{"type":"Point","coordinates":[698405,9269953]},"properties":{"GM_LAYER":"Unknown Point Feature","GM_TYPE":"Unknown Point Feature","NAME":"BNI 46","LAYER":"Unknown Point Feature"}},
{"type":"Feature","geometry":{"type":"Point","coordinates":[698021,9274408]},"properties":{"GM_LAYER":"Unknown Point Feature","GM_TYPE":"Unknown Point Feature","NAME":"PT. BINA PAPAN","LAYER":"Unknown Point Feature"}},
{"type":"Feature","geometry":{"type":"Point","coordinates":[698262,9270758]},"properties":{"GM_LAYER":"Unknown Point Feature","GM_TYPE":"Unknown Point Feature","NAME":"HOTEL SALAK","LAYER":"Unknown Point Feature"}},
{"type":"Feature","geometry":{"type":"Point","coordinates":[699435,9271184]},"properties":{"GM_LAYER":"Unknown Point Feature","GM_TYPE":"Unknown Point Feature","NAME":"HOTEL NEW MIRAH","LAYER":"Unknown Point Feature"}},
{"type":"Feature","geometry":{"type":"Point","coordinates":[699798,9272372]},"properties":{"GM_LAYER":"Unknown Point Feature","GM_TYPE":"Unknown Point Feature","NAME":"RS. AZRA","LAYER":"Unknown Point Feature"}},
{"type":"Feature","geometry":{"type":"Point","coordinates":[701484,9267160]},"properties":{"GM_LAYER":"Unknown Point Feature","GM_TYPE":"Unknown Point Feature","NAME":"GALAXI THEATRE","LAYER":"Unknown Point Feature"}},
{"type":"Feature","geometry":{"type":"Point","coordinates":[699576,9271537]},"properties":{"GM_LAYER":"Unknown Point Feature","GM_TYPE":"Unknown Point Feature","NAME":"PT. TELKOM","LAYER":"Unknown Point Feature"}},
{"type":"Feature","geometry":{"type":"Point","coordinates":[703537,9265176]},"properties":{"GM_LAYER":"Unknown Point Feature","GM_TYPE":"Unknown Point Feature","NAME":"PT. SSK/PT. ENSEVAL PUTRA MEGATRADING","LAYER":"Unknown Point Feature"}},
{"type":"Feature","geometry":{"type":"Point","coordinates":[700249,9269212]},"properties":{"GM_LAYER":"Unknown Point Feature","GM_TYPE":"Unknown Point Feature","NAME":"RS. BOGOR MEDICAL CENTRE","LAYER":"Unknown Point Feature"}},
{"type":"Feature","geometry":{"type":"Point","coordinates":[698510,9269480]},"properties":{"GM_LAYER":"Unknown Point Feature","GM_TYPE":"Unknown Point Feature","NAME":"BOGOR TRADE  MALL","LAYER":"Unknown Point Feature"}},
{"type":"Feature","geometry":{"type":"Point","coordinates":[699599,9269954]},"properties":{"GM_LAYER":"Unknown Point Feature","GM_TYPE":"Unknown Point Feature","NAME":"PT. BOGOR ANGGANA CENDIKIA","LAYER":"Unknown Point Feature"}},
{"type":"Feature","geometry":{"type":"Point","coordinates":[698469,9266213]},"properties":{"GM_LAYER":"Unknown Point Feature","GM_TYPE":"Unknown Point Feature","NAME":"PT. GRAHA ANDRASETRA PROPERTINDO","LAYER":"Unknown Point Feature"}},
{"type":"Feature","geometry":{"type":"Point","coordinates":[700218,9274892]},"properties":{"GM_LAYER":"Unknown Point Feature","GM_TYPE":"Unknown Point Feature","NAME":"PT. ALGA JAYA RAYA","LAYER":"Unknown Point Feature"}},
{"type":"Feature","geometry":{"type":"Point","coordinates":[701252,9267225]},"properties":{"GM_LAYER":"Unknown Point Feature","GM_TYPE":"Unknown Point Feature","NAME":"PT. COATS REJO IND","LAYER":"Unknown Point Feature"}},
{"type":"Feature","geometry":{"type":"Point","coordinates":[703588,9264632]},"properties":{"GM_LAYER":"Unknown Point Feature","GM_TYPE":"Unknown Point Feature","NAME":"PT. NUTRIFOOD IND","LAYER":"Unknown Point Feature"}},
{"type":"Feature","geometry":{"type":"Point","coordinates":[701276,9275288]},"properties":{"GM_LAYER":"Unknown Point Feature","GM_TYPE":"Unknown Point Feature","NAME":"PT. BUSANA PERKASA GARMENT","LAYER":"Unknown Point Feature"}},
{"type":"Feature","geometry":{"type":"Point","coordinates":[703344,9265004]},"properties":{"GM_LAYER":"Unknown Point Feature","GM_TYPE":"Unknown Point Feature","NAME":"PT. GOODRAY","LAYER":"Unknown Point Feature"}},
{"type":"Feature","geometry":{"type":"Point","coordinates":[693610,9275478]},"properties":{"GM_LAYER":"Unknown Point Feature","GM_TYPE":"Unknown Point Feature","NAME":"CIFOR","LAYER":"Unknown Point Feature"}},
{"type":"Feature","geometry":{"type":"Point","coordinates":[698417,9269806]},"properties":{"GM_LAYER":"Unknown Point Feature","GM_TYPE":"Unknown Point Feature","NAME":"HOTEL ROYAL","LAYER":"Unknown Point Feature"}},
{"type":"Feature","geometry":{"type":"Point","coordinates":[698822,9269659]},"properties":{"GM_LAYER":"Unknown Point Feature","GM_TYPE":"Unknown Point Feature","NAME":"","LAYER":""}},
{"type":"Feature","geometry":{"type":"Point","coordinates":[701847,9266561]},"properties":{"GM_LAYER":"Unknown Point Feature","GM_TYPE":"Unknown Point Feature","NAME":"","LAYER":""}},
{"type":"Feature","geometry":{"type":"Point","coordinates":[702785,9265987]},"properties":{"GM_LAYER":"Unknown Point Feature","GM_TYPE":"Unknown Point Feature","NAME":"","LAYER":""}},
{"type":"Feature","geometry":{"type":"Point","coordinates":[703247,9265819]},"properties":{"GM_LAYER":"Unknown Point Feature","GM_TYPE":"Unknown Point Feature","NAME":"","LAYER":""}},
{"type":"Feature","geometry":{"type":"Point","coordinates":[703114,9264472]},"properties":{"GM_LAYER":"Unknown Point Feature","GM_TYPE":"Unknown Point Feature","NAME":"","LAYER":""}},
{"type":"Feature","geometry":{"type":"Point","coordinates":[702983,9265144]},"properties":{"GM_LAYER":"Unknown Point Feature","GM_TYPE":"Unknown Point Feature","NAME":"","LAYER":""}},
{"type":"Feature","geometry":{"type":"Point","coordinates":[699722,9269913]},"properties":{"GM_LAYER":"Unknown Point Feature","GM_TYPE":"Unknown Point Feature","NAME":"","LAYER":""}},
{"type":"Feature","geometry":{"type":"Point","coordinates":[697816,9274534]},"properties":{"GM_LAYER":"Unknown Point Feature","GM_TYPE":"Unknown Point Feature","NAME":"PONDOK NIRMALA","LAYER":""}},
{"type":"Feature","geometry":{"type":"Point","coordinates":[700594,9275934]},"properties":{"GM_LAYER":"Unknown Point Feature","GM_TYPE":"Unknown Point Feature","NAME":"CV. WANGUN MANDIRI","LAYER":""}},
{"type":"Feature","geometry":{"type":"Point","coordinates":[697592,9265562]},"properties":{"GM_LAYER":"Unknown Point Feature","GM_TYPE":"Unknown Point Feature","NAME":"PT. GRAHA ANDRASENTRA PROPERTINDO","LAYER":""}}
]}