{"type":"FeatureCollection","features":[{"type":"Feature","geometry":{"type":"Point","coordinates":[703268.0000000001,9264882]},"properties":{"GM_LAYER":"Unknown Point Feature","GM_TYPE":"Unknown Point Feature","NAME":"HOTEL MARGA JAYA","LAYER":"Unknown Point Feature"}},{"type":"Feature","geometry":{"type":"Point","coordinates":[703579.0000000009,9265030.000000002]},"properties":{"GM_LAYER":"Unknown Point Feature","GM_TYPE":"Unknown Point Feature","NAME":"HOTEL MAWAR SARI","LAYER":"Unknown Point Feature"}},{"type":"Feature","geometry":{"type":"Point","coordinates":[701636.0000000006,9266954]},"properties":{"GM_LAYER":"Unknown Point Feature","GM_TYPE":"Unknown Point Feature","NAME":"PT. MOBIL MAS","LAYER":""}},{"type":"Feature","geometry":{"type":"Point","coordinates":[701557.0000000003,9266996.000000002]},"properties":{"GM_LAYER":"Unknown Point Feature","GM_TYPE":"Unknown Point Feature","NAME":"MITRA VARIASI","LAYER":"Unknown Point Feature"}},{"type":"Feature","geometry":{"type":"Point","coordinates":[701395.0000000012,9267196.000000002]},"properties":{"GM_LAYER":"Unknown Point Feature","GM_TYPE":"Unknown Point Feature","NAME":"HOTEL MONALISA","LAYER":"Unknown Point Feature"}},{"type":"Feature","geometry":{"type":"Point","coordinates":[701344.0000000009,9267248]},"properties":{"GM_LAYER":"Unknown Point Feature","GM_TYPE":"Unknown Point Feature","NAME":"PT. MUARA KRAKATAU","LAYER":""}},{"type":"Feature","geometry":{"type":"Point","coordinates":[701209.0000000005,9267356]},"properties":{"GM_LAYER":"Unknown Point Feature","GM_TYPE":"Unknown Point Feature","NAME":"PT. CHUANG CUTLARI","LAYER":""}},{"type":"Feature","geometry":{"type":"Point","coordinates":[701196.0000000007,9267412]},"properties":{"GM_LAYER":"Unknown Point Feature","GM_TYPE":"Unknown Point Feature","NAME":"TAJUR FASHION","LAYER":"Unknown Point Feature"}},{"type":"Feature","geometry":{"type":"Point","coordinates":[700994.9999999998,9267466]},"properties":{"GM_LAYER":"Unknown Point Feature","GM_TYPE":"Unknown Point Feature","NAME":"SILIWANGI SERVICE","LAYER":"Unknown Point Feature"}},{"type":"Feature","geometry":{"type":"Point","coordinates":[700989.9999999998,9267477.000000002]},"properties":{"GM_LAYER":"Unknown Point Feature","GM_TYPE":"Unknown Point Feature","NAME":"PT. ASTRA DIV DAIHATSU","LAYER":"Unknown Point Feature"}},{"type":"Feature","geometry":{"type":"Point","coordinates":[700974.0000000003,9267481]},"properties":{"GM_LAYER":"Unknown Point Feature","GM_TYPE":"Unknown Point Feature","NAME":"PT. ASTRA INT (AUTO 2000)","LAYER":"Unknown Point Feature"}},{"type":"Feature","geometry":{"type":"Point","coordinates":[700094.0000000006,9268004.000000002]},"properties":{"GM_LAYER":"Unknown Point Feature","GM_TYPE":"Unknown Point Feature","NAME":"PT. SEPINDO PERDANA","LAYER":""}},{"type":"Feature","geometry":{"type":"Point","coordinates":[700340.0000000001,9268644]},"properties":{"GM_LAYER":"Unknown Point Feature","GM_TYPE":"Unknown Point Feature","NAME":"CV. RIRIN RURI/HOTEL RIRIN","LAYER":"Unknown Point Feature"}},{"type":"Feature","geometry":{"type":"Point","coordinates":[699795.9999999995,9268716]},"properties":{"GM_LAYER":"Unknown Point Feature","GM_TYPE":"Unknown Point Feature","NAME":"RUMAH MAKAN SARI","LAYER":"Unknown Point Feature"}},{"type":"Feature","geometry":{"type":"Point","coordinates":[700897.9999999997,9269072]},"properties":{"GM_LAYER":"Unknown Point Feature","GM_TYPE":"Unknown Point Feature","NAME":"PIONNER TRADING COMPANY (VILLA DUTA)","LAYER":"Unknown Point Feature"}},{"type":"Feature","geometry":{"type":"Point","coordinates":[698207.9999999995,9269486]},"properties":{"GM_LAYER":"Unknown Point Feature","GM_TYPE":"Unknown Point Feature","NAME":"GUMATI RESTORAN","LAYER":"Unknown Point Feature"}},{"type":"Feature","geometry":{"type":"Point","coordinates":[700258.9999999994,9269850.000000002]},"properties":{"GM_LAYER":"Unknown Point Feature","GM_TYPE":"Unknown Point Feature","NAME":"PT. POLY","LAYER":""}},{"type":"Feature","geometry":{"type":"Point","coordinates":[699634.0000000003,9269858.000000002]},"properties":{"GM_LAYER":"Unknown Point Feature","GM_TYPE":"Unknown Point Feature","NAME":"PT. FAST FOOD IND (KFC)","LAYER":"Unknown Point Feature"}},{"type":"Feature","geometry":{"type":"Point","coordinates":[698373.0000000006,9269946]},"properties":{"GM_LAYER":"Unknown Point Feature","GM_TYPE":"Unknown Point Feature","NAME":"PT. SAHIRA BUTIK HOTEL","LAYER":"Unknown Point Feature"}},{"type":"Feature","geometry":{"type":"Point","coordinates":[698404.9999999994,9269953]},"properties":{"GM_LAYER":"Unknown Point Feature","GM_TYPE":"Unknown Point Feature","NAME":"RM. TAMAN PALM","LAYER":"Unknown Point Feature"}},{"type":"Feature","geometry":{"type":"Point","coordinates":[699542.9999999994,9270370]},"properties":{"GM_LAYER":"Unknown Point Feature","GM_TYPE":"Unknown Point Feature","NAME":"HOTEL PERMATA","LAYER":"Unknown Point Feature"}},{"type":"Feature","geometry":{"type":"Point","coordinates":[697613.000000001,9270520.000000002]},"properties":{"GM_LAYER":"Unknown Point Feature","GM_TYPE":"Unknown Point Feature","NAME":"HOTEL PASUNDAN","LAYER":"Unknown Point Feature"}},{"type":"Feature","geometry":{"type":"Point","coordinates":[698020.9999999998,9270528.000000002]},"properties":{"GM_LAYER":"Unknown Point Feature","GM_TYPE":"Unknown Point Feature","NAME":"SINAR MATAHARI BOGOR","LAYER":"Unknown Point Feature"}},{"type":"Feature","geometry":{"type":"Point","coordinates":[697613.000000001,9270588]},"properties":{"GM_LAYER":"Unknown Point Feature","GM_TYPE":"Unknown Point Feature","NAME":"PT. ANEKA MAJU TERUS","LAYER":"Unknown Point Feature"}},{"type":"Feature","geometry":{"type":"Point","coordinates":[698184.0000000003,9270612.000000002]},"properties":{"GM_LAYER":"Unknown Point Feature","GM_TYPE":"Unknown Point Feature","NAME":"BANK PERMATA TBK. (BANK BALI)","LAYER":"Unknown Point Feature"}},{"type":"Feature","geometry":{"type":"Point","coordinates":[698222.9999999999,9270650]},"properties":{"GM_LAYER":"Unknown Point Feature","GM_TYPE":"Unknown Point Feature","NAME":"HOTEL MIRAH SANTIKA","LAYER":"Unknown Point Feature"}},{"type":"Feature","geometry":{"type":"Point","coordinates":[699609.999999999,9271360]},"properties":{"GM_LAYER":"Unknown Point Feature","GM_TYPE":"Unknown Point Feature","NAME":"PANGRANGO III","LAYER":"Unknown Point Feature"}},{"type":"Feature","geometry":{"type":"Point","coordinates":[698585.0000000008,9271374.000000002]},"properties":{"GM_LAYER":"Unknown Point Feature","GM_TYPE":"Unknown Point Feature","NAME":"EVITA HOTEL","LAYER":"Unknown Point Feature"}},{"type":"Feature","geometry":{"type":"Point","coordinates":[696583.0000000006,9272162.000000002]},"properties":{"GM_LAYER":"Unknown Point Feature","GM_TYPE":"Unknown Point Feature","NAME":"RS. KARYA BHAKTI","LAYER":"Unknown Point Feature"}},{"type":"Feature","geometry":{"type":"Point","coordinates":[699790.0000000003,9272446.000000002]},"properties":{"GM_LAYER":"Unknown Point Feature","GM_TYPE":"Unknown Point Feature","NAME":"SPBU 34-16102","LAYER":"Unknown Point Feature"}},{"type":"Feature","geometry":{"type":"Point","coordinates":[699780.9999999993,9272453.000000002]},"properties":{"GM_LAYER":"Unknown Point Feature","GM_TYPE":"Unknown Point Feature","NAME":"PT. OMEGA MOTOR","LAYER":""}},{"type":"Feature","geometry":{"type":"Point","coordinates":[699871.000000001,9272484.000000002]},"properties":{"GM_LAYER":"Unknown Point Feature","GM_TYPE":"Unknown Point Feature","NAME":"CV .LEMBAH TERTA","LAYER":"Unknown Point Feature"}},{"type":"Feature","geometry":{"type":"Point","coordinates":[699816,9272547]},"properties":{"GM_LAYER":"Unknown Point Feature","GM_TYPE":"Unknown Point Feature","NAME":"PT. Auto pit/PT. PUTRA MAS MANDIRI","LAYER":"Unknown Point Feature"}},{"type":"Feature","geometry":{"type":"Point","coordinates":[699910.9999999997,9272914.000000002]},"properties":{"GM_LAYER":"Unknown Point Feature","GM_TYPE":"Unknown Point Feature","NAME":"HOTEL RAJAIN","LAYER":"Unknown Point Feature"}},{"type":"Feature","geometry":{"type":"Point","coordinates":[693870.9999999995,9273189]},"properties":{"GM_LAYER":"Unknown Point Feature","GM_TYPE":"Unknown Point Feature","NAME":"SPBU 34-16112","LAYER":"Unknown Point Feature"}},{"type":"Feature","geometry":{"type":"Point","coordinates":[700069.0000000001,9273720]},"properties":{"GM_LAYER":"Unknown Point Feature","GM_TYPE":"Unknown Point Feature","NAME":"PAPAHO HOTEL","LAYER":""}},{"type":"Feature","geometry":{"type":"Point","coordinates":[698645.999999999,9274164.000000002]},"properties":{"GM_LAYER":"Unknown Point Feature","GM_TYPE":"Unknown Point Feature","NAME":"RM. PONDOK BAMBU TIRZA I","LAYER":"Unknown Point Feature"}},{"type":"Feature","geometry":{"type":"Point","coordinates":[700582.0000000009,9274200.000000002]},"properties":{"GM_LAYER":"Unknown Point Feature","GM_TYPE":"Unknown Point Feature","NAME":"PT. MAXI","LAYER":""}},{"type":"Feature","geometry":{"type":"Point","coordinates":[700048.9999999997,9274206]},"properties":{"GM_LAYER":"Unknown Point Feature","GM_TYPE":"Unknown Point Feature","NAME":"PT. DELIMA JAYA","LAYER":""}},{"type":"Feature","geometry":{"type":"Point","coordinates":[700560.0000000001,9274332]},"properties":{"GM_LAYER":"Unknown Point Feature","GM_TYPE":"Unknown Point Feature","NAME":"PT. CAHAYA SAKTI PURINTRACO","LAYER":"Unknown Point Feature"}},{"type":"Feature","geometry":{"type":"Point","coordinates":[698340.0000000003,9274454]},"properties":{"GM_LAYER":"Unknown Point Feature","GM_TYPE":"Unknown Point Feature","NAME":"PT. TROAS INDAH ABADI","LAYER":""}},{"type":"Feature","geometry":{"type":"Point","coordinates":[700626.0000000005,9274520]},"properties":{"GM_LAYER":"Unknown Point Feature","GM_TYPE":"Unknown Point Feature","NAME":"PT. ALAS SENI KREASI","LAYER":"Unknown Point Feature"}},{"type":"Feature","geometry":{"type":"Point","coordinates":[698358.0000000002,9274526]},"properties":{"GM_LAYER":"Unknown Point Feature","GM_TYPE":"Unknown Point Feature","NAME":"PT. MITRA SEJATI MULIA","LAYER":""}},{"type":"Feature","geometry":{"type":"Point","coordinates":[697494.9999999992,9274576.000000002]},"properties":{"GM_LAYER":"Unknown Point Feature","GM_TYPE":"Unknown Point Feature","NAME":"SPBU 34-16116","LAYER":""}},{"type":"Feature","geometry":{"type":"Point","coordinates":[697995.9999999993,9274682]},"properties":{"GM_LAYER":"Unknown Point Feature","GM_TYPE":"Unknown Point Feature","NAME":"PAPYRUS TROPICAL HOTEL","LAYER":"Unknown Point Feature"}},{"type":"Feature","geometry":{"type":"Point","coordinates":[696568.0000000002,9274936.000000002]},"properties":{"GM_LAYER":"Unknown Point Feature","GM_TYPE":"Unknown Point Feature","NAME":"ASTRA INTERNATIONAL TBK. (YASMIN)","LAYER":""}},{"type":"Feature","geometry":{"type":"Point","coordinates":[700861.9999999999,9275038]},"properties":{"GM_LAYER":"Unknown Point Feature","GM_TYPE":"Unknown Point Feature","NAME":"RM. PONDOK BAMBU TIRZA III","LAYER":"Unknown Point Feature"}},{"type":"Feature","geometry":{"type":"Point","coordinates":[701311.0000000008,9275598]},"properties":{"GM_LAYER":"Unknown Point Feature","GM_TYPE":"Unknown Point Feature","NAME":"PT. TANAH SUMBER MAKMUR","LAYER":""}},{"type":"Feature","geometry":{"type":"Point","coordinates":[702245.9999999994,9275618]},"properties":{"GM_LAYER":"Unknown Point Feature","GM_TYPE":"Unknown Point Feature","NAME":"PT. CATUR KARYA MANDIRI","LAYER":""}},{"type":"Feature","geometry":{"type":"Point","coordinates":[702148.9999999992,9275666]},"properties":{"GM_LAYER":"Unknown Point Feature","GM_TYPE":"Unknown Point Feature","NAME":"TAPIOKA KUJANG","LAYER":"Unknown Point Feature"}},{"type":"Feature","geometry":{"type":"Point","coordinates":[701665.999999999,9275702]},"properties":{"GM_LAYER":"Unknown Point Feature","GM_TYPE":"Unknown Point Feature","NAME":"PT. AQUARIUS FIBER GLASS","LAYER":"Unknown Point Feature"}},{"type":"Feature","geometry":{"type":"Point","coordinates":[701500.0000000009,9275708]},"properties":{"GM_LAYER":"Unknown Point Feature","GM_TYPE":"Unknown Point Feature","NAME":"PT. SMART TELECOM","LAYER":"Unknown Point Feature"}},{"type":"Feature","geometry":{"type":"Point","coordinates":[701434.9999999997,9275768]},"properties":{"GM_LAYER":"Unknown Point Feature","GM_TYPE":"Unknown Point Feature","NAME":"PT. SUPER VULKANIN ADI JAYA","LAYER":""}},{"type":"Feature","geometry":{"type":"Point","coordinates":[701560.9999999991,9275808.000000002]},"properties":{"GM_LAYER":"Unknown Point Feature","GM_TYPE":"Unknown Point Feature","NAME":"TAPIOKA CILUAR","LAYER":"Unknown Point Feature"}},{"type":"Feature","geometry":{"type":"Point","coordinates":[701560.9999999991,9275808.000000002]},"properties":{"GM_LAYER":"Unknown Point Feature","GM_TYPE":"Unknown Point Feature","NAME":"PT. TAPIOKA SETIA","LAYER":""}},{"type":"Feature","geometry":{"type":"Point","coordinates":[697125.9999999998,9275914]},"properties":{"GM_LAYER":"Unknown Point Feature","GM_TYPE":"Unknown Point Feature","NAME":"PT. PERDANA GAPURA PRIMA","LAYER":"Unknown Point Feature"}},{"type":"Feature","geometry":{"type":"Point","coordinates":[699700.0000000007,9275988]},"properties":{"GM_LAYER":"Unknown Point Feature","GM_TYPE":"Unknown Point Feature","NAME":"PT. SIGI REKA PRIMAREKAHASIL","LAYER":"Unknown Point Feature"}},{"type":"Feature","geometry":{"type":"Point","coordinates":[696120.9999999998,9276068]},"properties":{"GM_LAYER":"Unknown Point Feature","GM_TYPE":"Unknown Point Feature","NAME":"PONDOK BAMBU HOTEL","LAYER":"Unknown Point Feature"}},{"type":"Feature","geometry":{"type":"Point","coordinates":[696023.0000000006,9276898.000000002]},"properties":{"GM_LAYER":"Unknown Point Feature","GM_TYPE":"Unknown Point Feature","NAME":"PT. FASTRATA BUANA","LAYER":"Unknown Point Feature"}},{"type":"Feature","geometry":{"type":"Point","coordinates":[695691.9999999993,9276958]},"properties":{"GM_LAYER":"Unknown Point Feature","GM_TYPE":"Unknown Point Feature","NAME":"PT. PRADANITA SAKTI","LAYER":"Unknown Point Feature"}}]}